{
  "confidence": 0.2400288,
  "confidenceforaidrawing": 0.9999287,
  "confidenceforuserdrawing": 0.9999287
}